{"cameraMode":{"drawMode":0,"name":"Shaded","section":"Shading Mode"},"sceneLighting":true,"audioPlay":false,"sceneViewState":{"m_AlwaysRefresh":false,"showFog":true,"showSkybox":true,"showFlares":true,"showImageEffects":true,"showParticleSystems":true,"showVisualEffectGraphs":true,"m_FxEnabled":true},"in2DMode":false,"pivot":{"x":3.6608493328094484,"y":-0.45673155784606936,"z":3.430929660797119},"rotation":{"x":0.06273633986711502,"y":-0.0837346613407135,"z":0.005282346624881029,"w":0.9944975972175598},"size":5.543179988861084,"orthographic":false}